{
    "Info": {
        "Command": "Interrupt",
        "TimeStamp": "2024-02-13 17:11:15",
        "ID": "C50000011D05A970",
        "Firmware": "04.00.15"
    },
    "Device": {
        "Power": {
            "B_IV": 4.137187,
            "B_AC": 0.46875,
            "B_IC": 2100,
            "B_FC": 2000,
            "B_SOC": 99,
            "B_T": 24.95313,
            "B_CS": 3
        },
        "IoT": {
            "Firmware": "25.30.226",
            "IMEI": "354485417649444",
            "ICCID": "8990011936290169339",
            "RSSI": 69,
            "WDS": 25,
            "ConnTime": 1.978,
            "TAC": 2242,
            "LAC": 0,
            "Cell_ID": 11915553
        }
    },
    "Payload": {
        "PCB_T": 25.82779,
        "PCB_H": 27.48261,
        "STATUS": 15
    }
}